time,A_,B_
0.0,0.0,2.0
0.1,0.09999999999999992,1.9000000000000001
0.2,0.19999999999999815,1.8000000000000018
0.3,0.2999999999999836,1.7000000000000164
0.4,0.3999999999999317,1.6000000000000683
0.5,0.4999999999998871,1.500000000000113
0.6,0.5999999999995087,1.4000000000004913
0.7,0.6564612740409687,1.3435387259590312
0.8,0.6891533062078572,1.3108466937921426
0.9,0.718734280184077,1.2812657198159227
