time,A_,B_,C_
0.0,1.0,0.0,0.0
0.2,1.0,0.0,0.0
0.4,1.0,0.0,0.0
0.6,1.0,0.0,0.0
0.8,1.0,0.0,0.0
1.0,0.9900498337491502,0.009900498337694817,4.9667913154910916e-5
1.2,0.8105842459897232,0.1702226914202923,0.019193062589984444
1.4,0.6636502501515253,0.272096602407794,0.0642531474406805
1.6,0.5433508690774883,0.3314440301510276,0.12520510077148417
1.8,0.44485806622485563,0.3603350336542128,0.1948069001209316
2.0,0.3642189795731526,0.36786116937837066,0.2679198510484768
