time,X_
0.0,1.0
0.1,1.1
0.2,1.1999999999999997
0.3,1.2999999999999998
0.4,1.3999999999999972
0.5,1.4999999999999845
0.6,1.5999999999999923
0.7,1.6999999999999162
0.8,1.800000000000023
0.9,1.8999999999987753
1.0,1.9999999999984504
1.1,2.09999999999845
1.2,2.19999999999845
1.3,2.2999999999984473
1.4,2.3999999999984474
1.5,2.4999999999984146
1.6,2.5999999999984023
1.7,2.699999999998413
1.8,2.799999999998473
1.9,2.899999999998106
2.0,2.99999999999845
