time,S1_
0.0,5.0
0.1,5.196152422706737
0.2,5.38516480713456
0.3,5.567764362829767
0.4,5.744562646537388
0.5,5.916079783098647
0.6,6.082762530298874
0.7,6.2449979983965385
0.8,6.403124237431624
0.9,6.557438524301908
1.0,6.708203932499
