time,S1_
0.0,5.0
0.1,5.196152422706622
0.2,5.385164807134305
0.3,5.567764362802083
0.4,5.74456264650062
0.5,5.91607978315087
0.6,6.082762530201039
0.7,6.24499799827522
0.8,6.403124237346096
0.9,6.557438524256721
1.0,6.708203932473797
