time,S1_
0.0,1.0
0.1,0.904837418035963
0.2,0.8187307530780784
0.3,0.7408182206804012
0.4,0.670320046061308
0.5,0.6065306597585669
0.6,0.5488116361228628
0.7,0.4965853038217738
0.8,0.4493289641373483
0.9,0.40656965973867837
1.0,0.36787944116970434
