time,S1_,C
0.0,1.0,1.0
0.1,1.1,1.1
0.2,1.1999999999999993,1.1999999999999993
0.3,1.2999999999999985,1.2999999999999985
0.4,1.399999999999995,1.399999999999995
0.5,1.499999999999978,1.499999999999978
0.6,1.5999999999998618,1.5999999999998618
0.7,1.6999999999997968,1.6999999999997968
0.8,1.7999999999994418,1.7999999999994418
0.9,1.8999999999983943,1.8999999999983943
1.0,2.0,2.0
