time,S1_,C
0.0,1.0,1.0
0.1,1.0,1.1
0.2,1.0,1.1999999999999993
0.3,1.0,1.2999999999999985
0.4,1.0,1.399999999999995
0.5,1.0,1.499999999999978
0.6,1.0,1.5999999999998618
0.7,1.0,1.6999999999997968
0.8,1.0,1.7999999999994418
0.9,1.0,1.8999999999983943
1.0,1.0,2.0
