time,S1_,C
0.0,1.0,1.0
0.1,1.0999999999999999,1.0999999999999999
0.2,1.1999999999999997,1.1999999999999997
0.3,1.2999999999999994,1.2999999999999994
0.4,1.3999999999999944,1.3999999999999944
0.5,1.499999999999978,1.499999999999978
0.6,1.5999999999998908,1.5999999999998908
0.7,1.699999999999911,1.699999999999911
0.8,1.799999999999942,1.799999999999942
0.9,1.8999999999999366,1.8999999999999366
1.0,2.0,2.0
