time,S1_,k1,y,C
0.0,1.0,3.0,3.0,1.0
0.1,1.2999999999999998,3.0,3.0,1.0
0.2,1.5999999999999925,3.0,3.0,1.0
0.3,1.8999999999999369,3.0,3.0,1.0
0.4,2.2,3.0,3.0,1.0
0.5,2.499999999999998,3.0,3.0,1.0
0.6,2.799999999999982,3.0,3.0,1.0
0.7,3.0999999999998624,3.0,3.0,1.0
0.8,3.399999999999833,3.0,3.0,1.0
0.9,3.699999999998451,3.0,3.0,1.0
1.0,4.0,3.0,3.0,1.0
