time,S1_,k1,y,C
0.0,1.0,3.0,3.0,1.0
0.1,1.299999999999998,3.0,3.0,1.0
0.2,1.5999999999999939,3.0,3.0,1.0
0.3,1.899999999998394,3.0,3.0,1.0
0.4,2.2,3.0,3.0,1.0
0.5,2.499999999999998,3.0,3.0,1.0
0.6,2.7999999999999856,3.0,3.0,1.0
0.7,3.0999999999999552,3.0,3.0,1.0
0.8,3.3999999999999506,3.0,3.0,1.0
0.9,3.6999999999991564,3.0,3.0,1.0
1.0,4.0,3.0,3.0,1.0
