time,x,z
0.0,0.0,0.0
0.1,0.1,0.0
0.2,0.19999999999999882,0.0
0.3,0.29999999999997135,0.0
0.4,0.3999999999999607,0.0
0.5,0.5,1.0
0.6,0.5999999999999993,1.0
0.7,0.7000000000000015,1.0
0.8,0.8000000000000221,1.0
0.9,0.899999999999769,1.0
1.0,1.0,1.0
