time,x,z
0.0,0.0,0.0
0.1,0.10000000000004497,0.0
0.2,0.20000000000000298,0.0
0.3,0.2999999999995917,0.0
0.4,0.3999999999999998,0.0
0.5,0.4999999999999992,1.0
0.6,0.6000000000000032,1.0
0.7,0.6999999999999549,1.0
0.8,0.8000000000000744,1.0
0.9,0.8999999999995445,1.0
1.0,1.0,1.0
