time,x,y,z
0.0,0.0,2.0,2.0
0.1,0.09999999999999984,1.8000000000000003,2.0
0.2,0.19999999999999796,1.600000000000004,2.0
0.3,0.29999999999996807,1.4000000000000639,1.0
0.4,0.39999999999991276,1.2000000000001745,1.0
0.5,0.4999999999998822,1.0000000000002356,0.0
0.6,0.6,0.8,0.0
0.7,0.6999999999999985,0.600000000000003,0.0
0.8,0.7999999999999755,0.40000000000004887,0.0
0.9,0.8999999999998598,0.20000000000028043,0.0
1.0,1.0,0.0,0.0
