time,C1,S1_,x
0.0,0.5,3.0,6.0
0.1,0.52,3.12,6.0
0.2,0.5399999999999998,3.239999999999999,6.0
0.3,0.5599999999999997,3.3599999999999985,6.0
0.4,0.5799999999999991,3.479999999999994,6.0
0.5,0.5999999999999956,3.599999999999974,6.0
0.6,0.6199999999999724,3.719999999999834,6.0
0.7,0.6399999999999593,3.8399999999997556,6.0
0.8,0.6599999999998885,3.9599999999993307,6.0
0.9,0.6799999999996789,4.079999999998073,6.0
1.0,0.7,4.199999999999999,6.0
