time,C1,S1_,x
0.0,0.5,3.0,6.0
0.1,0.52,3.12,6.0
0.2,0.5399999999999999,3.2399999999999993,6.0
0.3,0.5599999999999998,3.359999999999999,6.0
0.4,0.579999999999999,3.4799999999999938,6.0
0.5,0.5999999999999955,3.599999999999973,6.0
0.6,0.6199999999999782,3.719999999999869,6.0
0.7,0.6399999999999822,3.8399999999998933,6.0
0.8,0.6599999999999884,3.9599999999999302,6.0
0.9,0.6799999999999873,4.079999999999924,6.0
1.0,0.7,4.199999999999999,6.0
