time,C1,S1_,x
0.0,0.5,3.0,6.0
0.1,0.52,3.0,5.769230769230769
0.2,0.5399999999999998,3.0,5.555555555555557
0.3,0.5599999999999997,3.0,5.357142857142859
0.4,0.5799999999999991,3.0,5.172413793103456
0.5,0.5999999999999956,3.0,5.000000000000036
0.6,0.6199999999999724,3.0,4.838709677419571
0.7,0.6399999999999593,3.0,4.687500000000298
0.8,0.6599999999998885,3.0,4.545454545455313
0.9,0.6799999999996789,3.0,4.411764705884436
1.0,0.7,3.0,4.285714285714286
