time,C1,S1_,x
0.0,0.5,0.0,0.0
0.1,0.5,0.02,0.04
0.2,0.5,0.03999999999999492,0.07999999999998984
0.3,0.5,0.05999999999999999,0.11999999999999998
0.4,0.5,0.07999999999999978,0.15999999999999956
0.5,0.5,0.09999999999999878,0.19999999999999757
0.6,0.5,0.11999999999998041,0.23999999999996083
0.7,0.5,0.13999999999998222,0.27999999999996444
0.8,0.5,0.15999999999999998,0.31999999999999995
0.9,0.5,0.17999999999999527,0.35999999999999055
1.0,0.5,0.19999999999999998,0.39999999999999997
