time,C1,S1_,x
0.0,0.5,3.0,6.0
0.1,0.52,3.0,5.769230769230769
0.2,0.5399999999999999,3.0,5.555555555555556
0.3,0.5599999999999998,3.0,5.3571428571428585
0.4,0.579999999999999,3.0,5.172413793103457
0.5,0.5999999999999955,3.0,5.000000000000037
0.6,0.6199999999999782,3.0,4.838709677419525
0.7,0.6399999999999822,3.0,4.68750000000013
0.8,0.6599999999999884,3.0,4.545454545454626
0.9,0.6799999999999873,3.0,4.411764705882436
1.0,0.7,3.0,4.285714285714286
