time,C1,S1_,x
0.0,0.5,0.0,0.0
0.1,0.5,0.020000000000000004,0.04000000000000001
0.2,0.5,0.03999999999999993,0.07999999999999986
0.3,0.5,0.05999999999999841,0.11999999999999682
0.4,0.5,0.07999999999999388,0.15999999999998776
0.5,0.5,0.09999999999996817,0.19999999999993634
0.6,0.5,0.12000000000000001,0.24000000000000002
0.7,0.5,0.1399999999999999,0.2799999999999998
0.8,0.5,0.15999999999999837,0.31999999999999673
0.9,0.5,0.18000000000000396,0.3600000000000079
1.0,0.5,0.2,0.4
