time,x,y,z
0.0,0.0,2.0,2.0
0.1,0.09999999999998124,1.8000000000000376,2.0
0.2,0.20000000000000034,1.5999999999999994,2.0
0.3,0.30000000000001026,1.3999999999999795,2.0
0.4,0.4,1.2000000000000002,2.0
0.5,0.5,1.0,1.0
0.6,0.6000000000000014,0.7999999999999975,1.0
0.7,0.6999999999999569,0.6000000000000864,1.0
0.8,0.8000000000000108,0.3999999999999786,0.0
0.9,0.8999999999991874,0.20000000000162532,0.0
1.0,1.0,2.220446049250313e-16,0.0
