time,x
0.0,3.0
0.1,3.1
0.2,3.1999999999999997
0.3,3.2999999999999994
0.4,3.3999999999999946
0.5,3.4999999999999782
0.6,3.599999999999891
0.7,3.699999999999911
0.8,3.799999999999942
0.9,3.8999999999999364
1.0,4.0
