time,x
0.0,3.0
0.1,3.1
0.2,3.1999999999999993
0.3,3.2999999999999985
0.4,3.399999999999995
0.5,3.4999999999999782
0.6,3.599999999999862
0.7,3.699999999999797
0.8,3.799999999999442
0.9,3.8999999999983945
1.0,4.0
