time,S1_,c,p1
0.0,0.0,1.0,1.0
1.0,1.0,1.0,1.0
2.0,2.0000000000000338,1.0,1.0
3.0,3.0,1.0,1.0
4.0,3.9999999999999956,1.0,1.0
5.0,5.000000000000002,1.0,1.0
6.0,6.00000000000007,1.0,1.0
7.0,6.999999999999292,1.0,1.0
8.0,7.999999999991606,1.0,1.0
9.0,9.000000000000016,1.0,1.0
10.0,10.0,1.0,1.0
