time,S1_,c,k1
0.0,0.0,1.0,1.0
1.0,1.0,1.0,1.0
2.0,2.0000000000000338,1.0,1.0
3.0,3.0,1.0,1.0
4.0,3.999999999999948,1.0,1.0
5.0,4.999999999999558,1.0,1.0
6.0,6.499999999999939,1.0,2.0
7.0,8.499999999999929,1.0,2.0
8.0,10.499999999999773,1.0,2.0
9.0,12.499999999999675,1.0,2.0
10.0,14.49999999999994,1.0,2.0
