time,S1_,c,k1
0.0,0.0,1.0,1.5
1.0,1.499999999999988,1.0,1.5
2.0,3.2499999999997793,1.0,2.0
3.0,5.249999999998509,1.0,2.0
4.0,7.249999999999774,1.0,2.0
5.0,9.24999999999959,1.0,2.0
6.0,11.250000000000735,1.0,2.0
7.0,13.24999999999978,1.0,2.0
8.0,15.249999999999776,1.0,2.0
9.0,17.2499999999988,1.0,2.0
10.0,19.24999999999978,1.0,2.0
