time,S1_,c
0.0,1.2,2.0
1.0,2.199999999999211,2.0
2.0,3.1999999999999997,2.0
3.0,4.199999999999993,2.0
4.0,5.199999999999921,2.0
5.0,6.199999999999463,2.0
6.0,7.19999999999911,2.0
7.0,8.199999999994922,2.0
8.0,9.2,2.0
9.0,10.200000000000026,2.0
10.0,11.2,2.0
