time,S1_,c,k1
0.0,0.0,1.0,1.5
1.0,1.793766764757958,1.0,2.0
2.0,3.249999999999907,1.0,2.0
3.0,5.249999999999791,1.0,2.0
4.0,7.249999999999908,1.0,2.0
5.0,9.249999999999906,1.0,2.0
6.0,11.249999999999854,1.0,2.0
7.0,13.249999999999607,1.0,2.0
8.0,15.24999999999868,1.0,2.0
9.0,17.249999999997627,1.0,2.0
10.0,19.249999999999908,1.0,2.0
