time,S1_,c
0.0,1.2,2.0
1.0,2.199999999999696,2.0
2.0,3.199999999999997,2.0
3.0,4.199999999999938,2.0
4.0,5.199999999999462,2.0
5.0,6.199999999999999,2.0
6.0,7.199999999999996,2.0
7.0,8.199999999999951,2.0
8.0,9.199999999999648,2.0
9.0,10.199999999999037,2.0
10.0,11.2,2.0
