time,S1_,c
0.0,1.2,2.0
1.0,2.199999999999989,2.9999999999999893
2.0,3.1999999999999993,4.0
3.0,4.1999999999999975,4.999999999999998
4.0,5.199999999999774,5.999999999999774
5.0,6.199999999998635,6.999999999998636
6.0,7.199999999999999,8.0
7.0,8.200000000000001,9.000000000000002
8.0,9.199999999999978,9.999999999999979
9.0,10.199999999999472,10.999999999999472
10.0,11.2,12.0
