time,S1_,c,k1
0.0,0.0,1.0,1.0
1.0,0.9999999999999979,1.0,1.0
2.0,1.9999999999989508,1.0,1.0
3.0,3.4667985747514223,1.0,2.0
4.0,5.466798574751358,1.0,2.0
5.0,7.4667985747501255,1.0,2.0
6.0,6.499999999999952,1.0,2.0
7.0,8.49999999999993,1.0,2.0
8.0,10.499999999999757,1.0,2.0
9.0,12.49999999999707,1.0,2.0
10.0,14.499999999999954,1.0,2.0
