time,S1_,c
0.0,1.2,2.0
1.0,2.199999999999211,3.0
2.0,3.1999999999999997,4.0
3.0,4.199999999999993,5.0
4.0,5.199999999999921,6.0
5.0,6.199999999999463,7.0
6.0,7.19999999999911,8.0
7.0,8.199999999994922,9.0
8.0,9.2,10.0
9.0,10.200000000000026,11.0
10.0,11.2,12.0
