time,S1_,c
0.0,1.2,2.0
1.0,2.199999999999927,2.999999999999927
2.0,3.1999999999999997,4.0
3.0,4.199999999999997,4.999999999999997
4.0,5.1999999999999895,5.99999999999999
5.0,6.199999999999979,6.99999999999998
6.0,7.199999999999703,7.9999999999997025
7.0,8.19999999999916,8.99999999999916
8.0,9.199999999996335,9.999999999996335
9.0,10.199999999998075,10.999999999998076
10.0,11.2,12.0
