time,S1_,c,p1
0.0,0.0,1.0,1.0
1.0,0.9999999999999979,1.0,1.0
2.0,1.9999999999989508,1.0,1.0
3.0,3.0,1.0,1.0
4.0,3.9999999999999964,1.0,1.0
5.0,4.999999999999957,1.0,1.0
6.0,5.999999999999912,1.0,1.0
7.0,6.999999999998969,1.0,1.0
8.0,7.999999999999695,1.0,1.0
9.0,8.99999999999902,1.0,1.0
10.0,10.0,1.0,1.0
