time,S1_,c
0.0,1.2,2.0
1.0,2.199999999999211,2.0
2.0,3.199999999999998,4.0
3.0,4.199999999999956,4.0
4.0,5.199999999999652,4.0
5.0,6.199999999996416,4.0
6.0,7.200000000000326,4.0
7.0,8.200000000000315,4.0
8.0,9.200000000000228,4.0
9.0,10.199999999998886,4.0
10.0,11.200000000000326,4.0
