time,S1_,c,k1
0.0,0.0,1.0,1.0
1.0,0.9999999999999979,1.0,1.0
2.0,1.9999999999989508,1.0,1.0
3.0,3.4667985747514214,1.0,2.0
4.0,5.4667985747511745,1.0,2.0
5.0,5.499999999999986,1.0,2.0
6.0,7.499999999999961,1.0,2.0
7.0,9.500000000000007,1.0,2.0
8.0,11.499999999999666,1.0,2.0
9.0,13.49999999999658,1.0,2.0
10.0,15.499999999999986,1.0,2.0
