time,S1_,S2_,c,k1
0.0,0.0,0.0,1.0,1.0
1.0,1.0,2.0,1.0,1.0
2.0,1.9999999999998734,3.999999999999747,1.0,1.0
3.0,3.0,6.0,1.0,1.0
4.0,3.999999999999993,7.999999999999986,1.0,1.0
5.0,5.000000000000024,10.000000000000048,1.0,1.0
6.0,5.999999999999921,11.999999999999842,1.0,1.0
7.0,6.999999999998682,13.999999999997364,1.0,1.0
8.0,7.999999999991155,15.99999999998231,1.0,1.0
9.0,8.999999999999977,17.999999999999954,1.0,1.0
10.0,10.0,20.0,1.0,1.0
