time,S1,C
0.0,2.0,3.0
1.0,2.999999999999956,3.0
2.0,4.0,3.0
3.0,4.999999999999999,3.0
4.0,5.999999999999991,3.0
5.0,6.999999999999922,3.0
6.0,7.999999999999824,3.0
7.0,8.999999999999254,3.0
8.0,9.999999999996504,3.0
9.0,11.000000000001258,3.0
10.0,12.0,3.0
