time,S1,C
0.0,2.0,3.0
1.0,2.0,3.9999999999999964
2.0,2.0,4.999999999999192
3.0,2.0,6.0
4.0,2.0,6.999999999999999
5.0,2.0,7.999999999999997
6.0,2.0,9.000000000000025
7.0,2.0,9.99999999999983
8.0,2.0,11.000000000000277
9.0,2.0,11.999999999995861
10.0,2.0,13.0
