time,S1,C
0.0,2.0,3.0
1.0,2.0,3.999999999999993
2.0,2.0,4.999999999999608
3.0,2.0,6.0
4.0,2.0,6.999999999999998
5.0,2.0,7.999999999999998
6.0,2.0,8.999999999999881
7.0,2.0,10.000000000000105
8.0,2.0,10.999999999998154
9.0,2.0,11.999999999997733
10.0,2.0,13.0
