time,S1,C
0.0,2.0,3.0
1.0,2.999999999999956,3.0
2.0,4.0,3.0
3.0,4.999999999999998,3.0
4.0,5.999999999999995,3.0
5.0,6.9999999999999645,3.0
6.0,7.999999999998712,3.0
7.0,8.999999999995602,3.0
8.0,9.999999999996913,3.0
9.0,10.999999999999975,3.0
10.0,12.0,3.0
