time,x,y
0.0,1.0,0.0
1.0,2.0,0.0
2.0,2.9999999999998863,3.499999999999997
3.0,3.9999999999999902,3.499999999999997
4.0,4.999999999999975,3.499999999999997
5.0,5.999999999999982,3.499999999999997
6.0,6.999999999999423,3.499999999999997
7.0,7.9999999999978915,3.499999999999997
8.0,8.99999999999999,3.499999999999997
9.0,9.999999999999966,3.499999999999997
10.0,10.99999999999999,3.499999999999997
