time,S1_,C,k1
0.0,0.0,1.0,5.0
1.0,4.5,1.0,3.9999999999999996
2.0,7.999999999992926,1.0,3.000000000002414
3.0,10.5,1.0,2.0000000000000053
4.0,12.000000000000096,1.0,1.0000000000001392
5.0,12.500000000000842,1.0,4.014566457044566e-13
6.0,12.00000000000196,1.0,-0.9999999999930949
7.0,10.50000000000001,1.0,-1.9999999999999958
8.0,8.000000000000341,1.0,-2.9999999999999107
9.0,4.500000000005106,1.0,-3.9999999999989138
10.0,-3.552713678800501e-15,1.0,-5.0
