time,S1_,C,k1
0.0,0.0,1.0,1.0
1.0,1.0,1.0,1.0
2.0,2.0000000000000338,1.0,1.0
3.0,3.0,1.0,1.0
4.0,3.999999999999948,1.0,1.0
5.0,4.999999999999558,1.0,1.0
6.0,4.99999999999994,1.0,-1.0
7.0,3.999999999999945,1.0,-1.0
8.0,3.0000000000000235,1.0,-1.0
9.0,2.000000000000072,1.0,-1.0
10.0,0.9999999999999396,1.0,-1.0
