time,S1_,C,k1
0.0,0.0,1.0,1.0
1.0,1.0,1.0,1.0
2.0,1.9999999999998919,1.0,1.0
3.0,3.0,1.0,1.0
4.0,3.999999999999974,1.0,1.0
5.0,4.9999999999982405,1.0,1.0
6.0,4.999999999999971,1.0,-1.0
7.0,3.9999999999999813,1.0,-1.0
8.0,3.000000000000069,1.0,-1.0
9.0,2.0000000000014113,1.0,-1.0
10.0,0.9999999999999707,1.0,-1.0
