time,A_,C
0.0,1.0,1.0
1.0,5.99999999999953,1.0
2.0,10.999999999999995,1.0
3.0,15.99999999999995,1.0
4.0,20.99999999999929,1.0
5.0,25.999999999992315,1.0
6.0,30.99999999997481,1.0
7.0,35.99999999999999,1.0
8.0,40.99999999999951,1.0
9.0,45.99999999999617,1.0
10.0,51.00000000000001,1.0
