time,A_,C
0.0,1.0,1.0
1.0,2.9999999999999973,1.0
2.0,4.999999999998456,1.0
3.0,6.999999999999993,1.0
4.0,9.00000000000003,1.0
5.0,10.999999999999398,1.0
6.0,12.999999999997542,1.0
7.0,15.0,1.0
8.0,16.999999999999915,1.0
9.0,18.99999999999722,1.0
10.0,21.0,1.0
