time,A_,C
0.0,1.0,1.0
1.0,3.9999999999999756,1.0
2.0,6.999999999995252,1.0
3.0,9.999999999999996,1.0
4.0,12.999999999999984,1.0
5.0,15.999999999999886,1.0
6.0,18.999999999999385,1.0
7.0,21.999999999998007,1.0
8.0,25.000000000001275,1.0
9.0,27.999999999983533,1.0
10.0,31.0,1.0
