time,A_,C
0.0,1.0,1.0
1.0,2.0,1.0
2.0,2.9999999999999973,1.0
3.0,3.999999999999356,1.0
4.0,4.999999999998456,1.0
5.0,5.999999999999999,1.0
6.0,6.999999999999986,1.0
7.0,7.9999999999997975,1.0
8.0,8.999999999999359,1.0
9.0,9.999999999996973,1.0
10.0,11.0,1.0
