time,A_,C
0.0,1.0,1.0
1.0,5.999999999999999,1.0
2.0,10.999999999995659,1.0
3.0,15.999999999999998,1.0
4.0,20.999999999999833,1.0
5.0,25.99999999999973,1.0
6.0,30.99999999998913,1.0
7.0,36.00000000000001,1.0
8.0,40.99999999999994,1.0
9.0,45.99999999999575,1.0
10.0,51.00000000000001,1.0
