time,A_,C
0.0,1.0,1.0
1.0,2.9999999999999982,1.0
2.0,4.999999999999712,1.0
3.0,6.999999999990508,1.0
4.0,9.0,1.0
5.0,10.999999999999977,1.0
6.0,12.999999999999963,1.0
7.0,15.000000000000085,1.0
8.0,16.99999999999816,1.0
9.0,18.9999999999952,1.0
10.0,21.0,1.0
