time,A_,C
0.0,1.0,1.0
1.0,4.999999999998456,1.0
2.0,9.00000000000003,1.0
3.0,12.999999999997542,1.0
4.0,16.999999999999996,1.0
5.0,20.99999999999998,1.0
6.0,25.000000000000057,1.0
7.0,28.9999999999992,1.0
8.0,33.00000000000013,1.0
9.0,36.99999999998644,1.0
10.0,41.0,1.0
