time,A_,B_,C
0.0,20.0,1.0,1.0
1.0,18.00000000000128,2.9999999999987197,1.0
2.0,16.0,4.999999999999997,1.0
3.0,14.00000000000004,6.999999999999958,1.0
4.0,12.000000000000222,8.999999999999776,1.0
5.0,10.000000000001302,10.999999999998696,1.0
6.0,8.000000000003915,12.999999999996083,1.0
7.0,5.999999999999998,15.0,1.0
8.0,4.000000000000025,16.99999999999997,1.0
9.0,1.9999999999999025,19.000000000000096,1.0
10.0,-1.7763568394002505e-15,21.0,1.0
