time,A_,C
0.0,1.0,1.0
1.0,4.999999999999712,1.0
2.0,9.0,1.0
3.0,12.99999999999999,1.0
4.0,16.999999999999915,1.0
5.0,20.999999999999623,1.0
6.0,24.999999999999186,1.0
7.0,28.999999999989978,1.0
8.0,32.99999999997372,1.0
9.0,36.999999999999986,1.0
10.0,41.0,1.0
