time,A_,B_,C
0.0,30.0,1.0,1.0
1.0,27.000000000000025,3.999999999999977,1.0
2.0,24.0,7.0,1.0
3.0,21.000000000000032,9.999999999999966,1.0
4.0,18.000000000000224,12.999999999999774,1.0
5.0,15.00000000000188,15.99999999999812,1.0
6.0,11.999999999999998,19.0,1.0
7.0,9.000000000000002,21.999999999999996,1.0
8.0,6.000000000000427,24.99999999999957,1.0
9.0,3.0000000000042473,27.99999999999575,1.0
10.0,-1.7763568394002505e-15,31.0,1.0
