time,A_,B_,C
0.0,20.0,1.0,1.0
1.0,18.0,2.9999999999999996,1.0
2.0,16.000000000000288,4.999999999999711,1.0
3.0,14.0,7.0,1.0
4.0,12.000000000000004,8.999999999999996,1.0
5.0,10.000000000000028,10.999999999999972,1.0
6.0,8.000000000000432,12.999999999999567,1.0
7.0,6.000000000000268,14.99999999999973,1.0
8.0,3.999999999999785,17.000000000000213,1.0
9.0,1.9999999999965894,19.00000000000341,1.0
10.0,0.0,21.0,1.0
