time,A_,B_,C
0.0,30.0,1.0,1.0
1.0,27.0,4.0,1.0
2.0,24.00000000000003,6.9999999999999725,1.0
3.0,21.00000000000072,9.999999999999279,1.0
4.0,18.0000000000032,12.999999999996799,1.0
5.0,14.999999999999998,16.0,1.0
6.0,12.000000000000021,18.99999999999998,1.0
7.0,9.000000000000073,21.999999999999925,1.0
8.0,6.000000000000856,24.999999999999144,1.0
9.0,3.0000000000005516,27.999999999999446,1.0
10.0,-1.7763568394002505e-15,31.0,1.0
