time,A_,B_,C
0.0,30.0,1.0,1.0
1.0,28.000000000001506,2.9999999999984945,1.0
2.0,26.0,4.999999999999999,1.0
3.0,24.000000000000025,6.999999999999975,1.0
4.0,22.000000000000195,8.999999999999806,1.0
5.0,20.000000000001112,10.999999999998888,1.0
6.0,18.00000000000094,12.999999999999059,1.0
7.0,16.0,15.0,1.0
8.0,14.000000000000016,16.999999999999986,1.0
9.0,12.000000000000117,18.999999999999883,1.0
10.0,10.0,21.0,1.0
