time,S1_,C
0.0,1.0,1.0
1.0,2.0,1.0
2.0,2.9999999999999982,1.0
3.0,3.9999999999999676,1.0
4.0,4.999999999999712,1.0
5.0,5.999999999999571,1.0
6.0,6.999999999990508,1.0
7.0,7.999999999999999,1.0
8.0,8.999999999999963,1.0
9.0,9.999999999999977,1.0
10.0,11.0,1.0
