time,S1_,S2_,C
0.0,3.0,3.0,1.0
1.0,3.0,3.3,1.0
2.0,3.0,3.5999999999999983,1.0
3.0,3.0,3.8999999999999995,1.0
4.0,3.0,4.199999999999969,1.0
5.0,3.0,4.499999999999953,1.0
6.0,3.0,4.799999999999978,1.0
7.0,3.0,5.099999999999889,1.0
8.0,3.0,5.400000000000441,1.0
9.0,3.0,5.6999999999989654,1.0
10.0,3.0,6.0,1.0
