time,S1_,S2_,C
0.0,3.0,3.0,1.0
1.0,2.126062162657857,3.873937837342143,1.0
2.0,1.3888512935942277,4.611148706405772,1.0
3.0,0.8511063709245303,5.14889362907547,1.0
4.0,0.4990360800397708,5.500963919960229,1.0
5.0,0.28455520627993264,5.715444793720068,1.0
6.0,0.15958198825663364,5.840418011743367,1.0
7.0,0.08864420787137589,5.911355792128624,1.0
8.0,0.04897543198212881,5.951024568017872,1.0
9.0,0.026977648894731962,5.973022351105269,1.0
10.0,0.01483575044938494,5.985164249550616,1.0
