time,k1,P1,S1_,C
0.0,0.0,1.0,1.0,1.0
1.0,0.9999999999999989,1.0,1.1,1.0
2.0,1.999999999999943,1.0,1.1999999999999944,1.0
3.0,2.9999999999983165,1.0,1.2999999999998317,1.0
4.0,3.999999999999949,3.0,1.399999999999995,1.0
5.0,4.999999999999515,3.0,1.4999999999999516,1.0
6.0,5.9999999999999964,3.0,1.5999999999999999,1.0
7.0,6.999999999999975,3.0,1.6999999999999977,1.0
8.0,7.999999999999858,3.0,1.799999999999986,1.0
9.0,8.999999999997453,3.0,1.8999999999997454,1.0
10.0,9.999999999999996,3.0,2.0,1.0
