time,P1,P2
0.0,1.0,1.0
1.0,1.5430806348152437,1.0
2.0,3.7621956910836314,1.0
3.0,10.067661995777765,1.0
4.0,27.308232836016487,1.0
5.0,74.20994852478785,1.0
6.0,201.7156361224559,1.0
7.0,548.317035155212,1.0
8.0,1490.479161252178,1.0
9.0,4051.5420254925943,1.0
10.0,11013.232920103324,1.0
