time,S1_,C,parameterId_0
0.0,2.0,1.0,1.0
1.0,2.0,1.0,2.0
2.0,2.0,1.0,2.9999999999999982
3.0,2.0,1.0,3.9999999999999676
4.0,2.0,1.0,4.999999999999712
5.0,2.0,1.0,5.999999999999571
6.0,2.0,1.0,6.999999999990508
7.0,2.0,1.0,7.999999999999999
8.0,2.0,1.0,8.999999999999963
9.0,2.0,1.0,9.999999999999977
10.0,2.0,1.0,11.0
