time,S1_,C,parameterId_0
0.0,2.0,1.0,1.0
1.0,2.0,1.0,1.999999999999818
2.0,2.0,1.0,3.0
3.0,2.0,1.0,3.999999999999999
4.0,2.0,1.0,4.999999999999995
5.0,2.0,1.0,5.999999999999946
6.0,2.0,1.0,6.999999999999612
7.0,2.0,1.0,7.999999999999076
8.0,2.0,1.0,8.99999999999926
9.0,2.0,1.0,9.999999999993523
10.0,2.0,1.0,11.0
