time,k0_,S2_,C
0.0,2.0,0.0,1.0
1.0,2.0,0.3333333333333335,1.0
2.0,2.0,0.6666666666665534,1.0
3.0,2.0,1.0,1.0
4.0,2.0,1.3333333333333324,1.0
5.0,2.0,1.6666666666666645,1.0
6.0,2.0,1.9999999999999805,1.0
7.0,2.0,2.3333333333331994,1.0
8.0,2.0,2.666666666666434,1.0
9.0,2.0,2.9999999999987566,1.0
10.0,2.0,3.333333333333333,1.0
