time,k0_,S2_,C
0.0,2.0,0.0,1.0
1.0,2.0,0.3333333333333333,1.0
2.0,2.0,0.6666666666666448,1.0
3.0,2.0,0.9999999999999999,1.0
4.0,2.0,1.3333333333333308,1.0
5.0,2.0,1.6666666666666465,1.0
6.0,2.0,2.0000000000000493,1.0
7.0,2.0,2.333333333332806,1.0
8.0,2.0,2.6666666666665897,1.0
9.0,2.0,2.9999999999999885,1.0
10.0,2.0,3.333333333333333,1.0
