time,P1,S1_,C
0.0,8.50000000000001,10.0,2.0
1.0,8.50000000000001,9.000000000000027,2.0
2.0,8.50000000000001,7.999999999999632,2.0
3.0,8.50000000000001,7.00000000000001,2.0
4.0,8.50000000000001,6.0000000000000115,2.0
5.0,8.50000000000001,5.000000000000046,2.0
6.0,8.50000000000001,4.000000000000159,2.0
7.0,8.50000000000001,3.000000000000829,2.0
8.0,8.50000000000001,2.000000000001688,2.0
9.0,8.50000000000001,1.0000000000033111,2.0
10.0,8.50000000000001,9.769962616701378e-15,2.0
