time,S1_,C
0.0,10.0,2.0
1.0,9.000000000000027,2.0
2.0,7.999999999999632,2.0
3.0,8.00000000000001,2.0
4.0,7.000000000000012,2.0
5.0,6.000000000000047,2.0
6.0,5.00000000000016,2.0
7.0,4.0000000000008304,2.0
8.0,3.000000000001689,2.0
9.0,2.000000000003312,2.0
10.0,1.0000000000000107,2.0
