time,S1_,C
0.0,10.0,2.0
1.0,9.000000000000002,2.0
2.0,8.000000000000012,2.0
3.0,7.000000000000176,2.0
4.0,6.000000000001445,2.0
5.0,5.000000000000235,2.0
6.0,9.700000000000248,2.0
7.0,8.700000000000253,2.0
8.0,7.700000000000366,2.0
9.0,6.700000000001678,2.0
10.0,5.700000000000247,2.0
