time,k1,S1_,C
0.0,2.0,0.0,1.0
1.0,3.899999999999965,2.9999999999998987,1.0
2.0,4.899999999999999,5.999999999999999,1.0
3.0,5.899999999999993,8.999999999999984,1.0
4.0,6.899999999999961,11.999999999999888,1.0
5.0,7.899999999999875,14.999999999999627,1.0
6.0,8.89999999999865,17.99999999999595,1.0
7.0,9.899999999994357,20.99999999998308,1.0
8.0,10.899999999999997,24.0,1.0
9.0,11.899999999999947,26.99999999999985,1.0
10.0,12.899999999999999,30.0,1.0
