time,k1,S1_,C
0.0,0.0,0.0,1.0
1.0,0.999999999999998,2.9999999999999942,1.0
2.0,1.9999999999981228,5.999999999994368,1.0
3.0,0.7499999999999957,8.999999999999986,1.0
4.0,1.7500000000002889,12.000000000000865,1.0
5.0,0.4999999999999866,14.999999999999956,1.0
6.0,1.499999999999722,17.999999999999165,1.0
7.0,0.24999999999991895,20.99999999999975,1.0
8.0,1.249999999999832,23.99999999999949,1.0
9.0,2.2499999999957154,26.99999999998714,1.0
10.0,0.9999999999997424,29.999999999998202,1.0
