time,S1_,C
0.0,2.0,2.0
1.0,2.1,2.0
2.0,2.1999999999999997,2.0
3.0,2.2999999999999994,2.0
4.0,2.3999999999999946,2.0
5.0,2.499999999999978,2.0
6.0,2.599999999999891,2.0
7.0,2.699999999999911,2.0
8.0,2.799999999999942,2.0
9.0,2.899999999999937,2.0
10.0,3.0,2.0
