time,S1_,S2_,C
0.0,2.0,3.0,1.0
1.0,2.0,3.1,1.0
2.0,2.0,3.1999999999999997,1.0
3.0,2.0,3.2999999999999994,1.0
4.0,2.0,3.3999999999999946,1.0
5.0,2.0,3.499999999999978,1.0
6.0,2.0,3.599999999999891,1.0
7.0,2.0,3.699999999999911,1.0
8.0,2.0,3.799999999999942,1.0
9.0,2.0,3.899999999999937,1.0
10.0,2.0,4.0,1.0
