time,S1_,S2_,C
0.0,2.0,3.0,1.0
1.0,2.0,3.1,1.0
2.0,2.0,3.1999999999999993,1.0
3.0,2.0,3.2999999999999985,1.0
4.0,2.0,3.399999999999995,1.0
5.0,2.0,3.499999999999978,1.0
6.0,2.0,3.5999999999998615,1.0
7.0,2.0,3.6999999999997963,1.0
8.0,2.0,3.799999999999442,1.0
9.0,2.0,3.8999999999983945,1.0
10.0,2.0,4.0,1.0
