time,S1_,C,avogadro
0.0,1.0,1.0,0.1
1.0,1.0999999999999999,1.0,0.1
2.0,1.1999999999999995,1.0,0.1
3.0,1.2999999999999998,1.0,0.1
4.0,1.3999999999999895,1.0,0.1
5.0,1.4999999999999845,1.0,0.1
6.0,1.5999999999999928,1.0,0.1
7.0,1.6999999999999627,1.0,0.1
8.0,1.800000000000147,1.0,0.1
9.0,1.8999999999996555,1.0,0.1
10.0,1.9999999999999998,1.0,0.1
