time,S1_,C
0.0,1.0,1.0
1.0,1.0999999999999999,1.0
2.0,1.1999999999999995,1.0
3.0,1.2999999999999978,1.0
4.0,1.4000000000000004,1.0
5.0,1.5000000000000173,1.0
6.0,1.5999999999999939,1.0
7.0,1.6999999999999262,1.0
8.0,1.7999999999994731,1.0
9.0,1.8999999999996977,1.0
10.0,2.0,1.0
