time,C1,S1_,x
0.0,0.5,1.0,2.0
0.1,0.5,1.0,2.0
0.2,0.5,1.0,2.0
0.3,0.5,1.0,2.0
0.4,0.5,1.0,2.0
0.5,0.2,0.04000000000000001,0.20000000000000004
0.6,0.2,0.04000000000000001,0.20000000000000004
0.7,0.2,0.04000000000000001,0.20000000000000004
0.8,0.2,0.04000000000000001,0.20000000000000004
0.9,0.2,0.04000000000000001,0.20000000000000004
1.0,0.2,0.04000000000000001,0.20000000000000004
